School Short Name,School ID,Website URLACE TECH HS,400010,http://www.acetechnical.orgADDAMS,609772,http://www.jaddams.orgAGASSIZ,609773,http://agassizschool.orgAHS - PASSAGES,400060,http://www.passagescharterschool.comAIR FORCE HS,610513,http://www.afahs.orgALBANY PARK,610212,http://albanypark.cps.eduALCOTT ES,609774,http://www.alcottcollegeprep.net/ALCOTT HS,610524,http://www.alcottcollegeprep.netALDRIDGE,609848,http://aldridge.cps.eduAMANDLA,400012,http://www.amandlacharterschool.orgAMUNDSEN HS,609695,http://www.amundsenhs.orgARIEL,609951,http://schools.cuip.net/ariel/ARMOUR,609777,http://armour.cps.eduARMSTRONG G,609779,http://www.georgearmstrongelementary.orgASHBURN,610287,http://www.ashburnschool.comASHE,610268,http://www.asheschool.orgASPIRA - BUSINESS & FINANCE HS,400172,http://www.aspirail.org/domain/95ASPIRA - EARLY COLLEGE HS,400013,http://aspirail.orgASPIRA - HAUGAN,400017,http://www.haugan.aspirail.orgAUDUBON,609782,http://www.audubonelementary.org/AUSTIN BUS & ENTRP HS,400018,http://www.austinbusinessacademy.netAUSTIN POLY HS,610501,http://www.austinpolytech.orgAVALON PARK,609786,http://www.avalonparkarts.orgAZUELA,610544,http://azuelaelementaryschool.orgBACK OF THE YARDS HS,610563,http://www.boycp.orgBANNER WEST HS,610555,http://bannerlearning.orgBARNARD,609788,http://www.barnard.cps.eduBARRY,609789,http://barry.cps.eduBARTON,609790,http://www.bartonschoolchicago.orgBASS,609791,http://perkinsbasselementary.org/BATEMAN,609792,http://bateman.cps.eduBEARD,610083,http://www.beard.cps.eduBEASLEY,610246,http://beasleyac.orgBEAUBIEN,609796,http://www.beaubienelementary.orgBEETHOVEN,610237,BEIDLER,609797,http://www.beidlerschool.orgBELDING,609798,http://www.beldingelementary.comBELL,609799,http://www.agbellschool.comBELMONT-CRAGIN,609922,http://www.belmontcragin.cps.eduBENNETT,609800,http://bennettes.orgBLACK,610350,http://www.blackmagnet.orgBLAINE,609803,http://blainecps.com/BLAIR,610087,http://www.blairearlychildhood.orgBOGAN HS,609698,http://www.boganhs.orgBOND,610238,http://www.bondelementary.org/BOONE,609804,http://www.boone.cps.eduBOUCHET,609815,http://www.bouchet-brynmawr.cps.eduBOWEN HS,610323,http://www.bowenhs.orgBRADWELL,609806,http://auslchicago.org/schools/pages/bradwellBRENNEMANN,610242,BRENTANO,609809,http://brentanomathandscienceacademy.org/BRIDGE,609810,http://bridge.cps.eduBRIGHT,609811,http://bright.cps.eduBRIGHTON PARK,610317,http://brightonpark.cps.edu/BRONZEVILLE HS,610381,http://www.bronzevillescholastic.comBRONZEVILLE LIGHTHOUSE,400019,http://www.lighthouse-academies.orgBROOKS HS,609726,http://www.brookscollegeprep.orgBROWN R,610091,http://brownacademyeagles.orgBROWN W,609812,BROWNELL,609813,http://miltonbrunson.webs.comBRUNSON,609830,BUDLONG,609817,http://www.budlongschool.comBURBANK,609818,http://www.burbankschool.org/BURKE,609819,BURLEY,609820,http://burley.cps.eduBURNHAM,609821,http://www.burnham.cps.eduBURNSIDE,609827,http://www.burnsidescholasticacademy.orgBURR,609828,http://www.burrschool.orgBURROUGHS,609829,http://www.jcburroughs.cps.eduBYRNE,609832,http://www.byrnecps.orgCALDWELL,609833,http://www.caldwell-academy.orgCALMECA,610353,http://www.calmecaacademy.comCAMELOT - CHICAGO EXCEL HS,400147,CAMELOT - EXCEL ENGLEWOOD HS,610565,CAMELOT - EXCEL SOUTHWEST HS,400176,CAMELOT - EXCEL WOODLAWN HS,400175,CAMELOT SAFE - GARFIELD ES,610584,CAMELOT SAFE - GARFIELD HS,610585,CAMELOT SAFE ES,610572,CAMELOT SAFE HS,610573,CAMERON,609835,http://cameron.cps.edu/CAMRAS,610539,http://www.Camras.cps.eduCANTY,609836,http://www.cantyschool.orgCARDENAS,610024,http://www.cardenas.cps.eduCARNEGIE,609837,http://www.carnegie.cps.eduCARROLL,609839,http://carroll-rosenwald.cps.eduCARSON,609842,http://carson.cps.eduCARTER,609844,http://auslchicago.org/schools/pages/carterCARVER G,609845,http://www.carverprimary.cps.eduCARVER MILITARY HS,609760,http://www.carvermilitary.orgCASALS,610021,http://casals.auslchicago.orgCASSELL,609849,http://cassell.cps.eduCASTELLANOS,609826,http://www.castellanos.cps.edu/CATALYST - CIRCLE ROCK,400021,http://www.catalystschools.org/circle-rockCATALYST - MARIA,400115,http://www.catalystschools.org/mariaCATHER,610251,http://www.cather.cps.eduCHALMERS,609851,http://chalmers.auslchicago.orgCHAPPELL,609852,http://chappellelementaryschool.org/CHASE,609853,http://www.chase.cps.eduCHAVEZ,610148,http://www.chavez.cps.eduCHICAGO ACADEMY ES,610248,http://www.chicagoacademy.orgCHICAGO ACADEMY HS,610340,http://cahs.auslchicago.orgCHICAGO AGRICULTURE HS,609753,http://www.chicagoagr.orgCHICAGO ARTS HS,400022,http://www.chiarts.orgCHICAGO COLLEGIATE,400161,http://www.chicagocollegiate.orgCHICAGO MATH & SCIENCE HS,400035,http://www.cmsaonline.netCHICAGO MILITARY HS,609754,http://www.chicagomilitaryacademy.orgCHICAGO TECH HS,400091,http://www.chitech.orgCHICAGO VIRTUAL,400036,http://www.k12.com/cvcs/homeCHICAGO VOCATIONAL HS,609674,http://www.cvcacademy.orgCHOPIN,609854,http://www.chopinschool.orgCHRISTOPHER,609855,http://www.wschristopher.orgCHRISTOPHER HOUSE,400159,https://christopherhouse.orgCICS - AVALON/SOUTH SHORE,400023,http://www.cicsavalon.orgCICS - BASIL,400024,http://meditatemotivategraduate.orgCICS - BOND,400092,http://www.chicagointl.org/campuses/lloyd-bond.htmlCICS - BUCKTOWN,400025,http://www.cicsbucktown.org/CICS - CHICAGOQUEST HS,400113,http://www.chicagoquest.orgCICS - ELLISON HS,400032,http://www.cicsellison.orgCICS - HAWKINS HS,400108,http://larryhawkinscharter.orgCICS - IRVING PARK,400027,http://cicsirvingpark.org/CICS - LONGWOOD,400033,http://www.longwoodcharter.orgCICS - LOOMIS,400026,http://www.chicagointl.org/campuses/loomis-primary.htmlCICS - NORTHTOWN HS,400034,http://www.cicsnorthtown.orgCICS - PRAIRIE,400028,http://cicsprairie.org/CICS - WASHINGTON PARK,400029,http://www.chicagointl.org/campuses/washington-park.htmlCICS - WEST BELDEN,400030,http://www.chicagointl.orgCICS - WRIGHTWOOD,400031,http://www.cicswrightwood.orgCLAREMONT,610347,http://www.claremont.cps.edu/CLARK ES,609795,http://georgerogersclarkes.org/CLARK HS,610244,http://www.micheleclark.orgCLAY,609856,http://www.henryclayschool.comCLEMENTE HS,609759,http://www.rccachicago.orgCLEVELAND,609857,http://www.clevelandschool.orgCLINTON,609859,http://www.clinton.cps.eduCLISSOLD,609861,http://www.clissold-school.orgCOLEMON,610199,COLES,609862,http://www.colesacademy.comCOLLINS HS,610499,http://auslchicago.org/schools/pages/collinsCOLUMBIA EXPLORERS,610170,http://www.columbiaea.cps.k12.il.usCOLUMBUS,609863,COMMUNITY SERVICES WEST HS,400038,http://www.cswcareeracademy.comCOOK,609864,COONLEY,609866,http://coonley.cps.eduCOOPER,609867,http://cooper.cps.eduCORKERY,609870,http://www.corkery.cps.eduCORLISS HS,609761,http://www.newcorlisshs.orgCOURTENAY,610355,http://courtenay.cps.eduCRANE MEDICAL HS,610561,http://www.newcranemedicalprep.orgCROWN,609873,CUFFE,610003,CULLEN,610004,CURIE HS,609756,http://www.curiehs.orgCURTIS,609900,http://auslchicago.org/schools/pages/curtisDALEY,610239,http://rjdaley.orgDARWIN,609875,http://www.darwinelementary.comDAVIS M,610521,http://www.milesdavismagnet.orgDAVIS N,609876,DAWES,609879,http://www.dawes.cps.eduDE DIEGO,610313,DECATUR,609880,http://www.decaturclassical.orgDENEEN,609883,http://deneen.auslchicago.orgDEPRIEST,610367,http://www.depriestschool.orgDETT,610252,http://dett.cps.eduDEVER,609884,http://deverelementary.org/DEVRY HS,610402,http://www.devry.cps.eduDEWEY,609885,http://dewey.auslchicago.orgDIRKSEN,609874,http://www.dirksen.cps.eduDISNEY,610363,http://www.disney.cps.eduDISNEY II ES,610515,http://www.disneyiimagnet.orgDISNEY II HS,610564,http://disneyiimagnet.orgDIXON,609887,http://www.dixon.cps.eduDODGE,609888,http://auslchicago.org/schools/pages/dodgeDOOLITTLE,609891,http://jrdacademy.cps.eduDORE,609893,http://www.dorebulldogschicago.orgDOUGLASS HS,610245,http://www.douglassacademy.orgDRAKE,609894,http://www.drake.cps.eduDRUMMOND,609896,http://www.drummondschool.orgDUBOIS,610364,http://www.dubois.cps.eduDULLES,610263,http://auslchicago.org/schools/pages/dullesDUNBAR HS,609676,http://dunbar.cps.eduDUNNE,610188,DURKIN PARK,610352,http://durkinpark.com/DVORAK,610254,http://auslchicago.org/schools/pages/dvorakEARHART,610316,http://www.earhart.cps.eduEARLE,609897,http://earlestemelementary.org/EBERHART,609898,http://www.eberhartelem.orgEBINGER,609899,http://ebingerschool.orgEDGEBROOK,609901,http://www.edgebrookschool.org/EDISON,609794,http://www.edisongifted.net/EDISON PARK,610523,http://www.edisonparkelementary.netEDWARDS,609903,http://edwardsib.org/ELLINGTON,609904,http://ellingtoncps.weebly.comEPIC HS,400094,http://www.epicacademy.orgERICSON,609907,http://www.ericson.cps.k12.il.usERIE,400039,http://www.eriecharterschool.orgESMOND,609908,http://www.esmond.cps.eduEVERETT,609909,EVERGREEN,610319,http://www.evergreenacademyms.comEVERS,610362,http://www.evers.cps.eduFAIRFIELD,610057,http://fairfieldacademy.org/FALCONER,609910,http://www.falconerelementary.comFARADAY,610055,http://faradayelementary.org/FARNSWORTH,609912,http://www.farnsworthschool.comFARRAGUT HS,609704,http://www.farragutcareeracademy.orgFENGER HS,609705,http://www.fengerhighschool.orgFERNWOOD,609917,FIELD,609918,http://www.eugenefield.orgFINKL,609967,http://www.finkl.cps.eduFISKE,609919,http://fiskeelementary.org/FOREMAN HS,609708,http://www.foremanhs.orgFORT DEARBORN,609924,http://fortdearbornelementary.orgFOSTER PARK,609927,http://fosterpark.cps.edu/FOUNDATIONS,400171,http://foundationscollegeprep.orgFRANKLIN,609926,http://www.franklinfineartscenter.orgFRAZIER CHARTER,400040,http://www.frazierprepacademy.orgFRAZIER PROSPECTIVE,610503,http://fraziermagnet.org/pages/Frazier_International_MagnetFULLER,609928,http://fuller.auslchicago.orgFULTON,609929,http://www.fultones.orgFUNSTON,609930,http://funston.cps.eduGAGE PARK HS,609709,http://www.gageparkhs.orgGALAPAGOS,400041,http://www.GalapagosCharter.orgGALE,609933,http://www.galemathscience.orgGALILEO,610009,http://www.galileoscholasticacademy.orgGALLISTEL,609935,http://gallistel.cps.edu/GARVEY,610128,http://marcusgarveyschoolchicago.weebly.com/GARVY,609937,http://www.garvyschool.orgGARY,609938,http://www.gary.cps.eduGILLESPIE,609939,http://gillespietech.orgGLOBAL CITIZENSHIP,400009,http://www.agcchicago.orgGOETHE,609942,http://www.goethe.cps.eduGOODE HS,610558,http://GoodeSTEMAcademy.orgGOUDY,609945,http://www.goudy.cps.eduGRAHAM ES,609947,http://www.grahames.orgGRAHAM HS,609769,http://www.raygrahamtrainingcenterhs.com/GRAY,609949,http://williampgrayschool.schoolfusion.us/GREAT LAKES,400168,http://www.glachicago.org/GREELEY,609850,http://www.greeleyelementary.netGREEN,610032,http://www.wendellgreenschool.netGREENE,609952,http://ngreeneschool.com/GREGORY,609954,http://www.gregoryacademy.orgGRESHAM,609955,http://Greshamschool.orgGRIMES,609956,http://grimesfleming.comGRISSOM,609944,http://www.grissom.cps.k12.il.usGUNSAULUS,609958,http://gunsaulus.org/HAINES,609959,http://www.haines.cps.eduHALE,609960,http://haleschool.org/HALEY,609808,http://www.alexhaleyacademy.comHAMILTON,609963,http://www.hamiltoncps.orgHAMLINE,609964,http://hamline.cps.eduHAMMOND,609966,http://www.hammond.cps.eduHAMPTON,609807,http://hampton.cps.eduHANCOCK HS,609694,http://www.hancockhs.orgHANSON PARK,610068,http://hanson.cps.eduHARLAN HS,609710,http://www.harlanfalcons.orgHARPER HS,609711,http://www.harperhighschool.orgHARTE,609969,http://www.harte.cps.eduHARVARD,609971,http://harvard.auslchicago.orgHAUGAN,609972,http://www.haugan.cps.eduHAWTHORNE,609974,http://www.hawthorneacad.orgHAY,609975,http://johnhayacademy.orgHAYT,609976,http://hayt.cps.eduHEALY,609979,http://healy.cps.edu/HEARST,609981,http://www.hearst.cps.eduHEDGES,609983,http://www.hedges.cps.eduHEFFERAN,609985,http://www.hefferan.cps.k12.il.usHENDERSON,609986,HENDRICKS,609987,http://www.hendricks.cps.eduHENRY,609988,http://www.patrickhenryes.orgHERNANDEZ,610532,http://www.ichernandez.orgHERZL,609991,http://auslchicago.org/schools/pages/herzlHIBBARD,609994,http://hibbardelementaryschool.weebly.com/HIGGINS,610295,http://www.higgins.cps.k12.il.usHIRSCH HS,609712,HITCH,609995,http://www.hitchschool.orgHOLDEN,609996,http://www.Holdenschool.orgHOLMES,609997,HOPE HS,609768,http://johnhopecollegeprephs.org/HOPE INSTITUTE,400043,http://www.hopeinstitutelearningacademy.orgHORIZON - SOUTHWEST,400167,http://www.hsaswchicago.orgHOWE,610000,http://www.howeschoolofexcellence.orgHOYNE,610002,http://thomashoyne.orgHUBBARD HS,609741,http://www.hubbardhighschool.orgHUGHES C,610005,http://hughesce.cps.edu/HUGHES L,610368,http://hugheselementary.weebly.com/HURLEY,610006,http://www.hurleyhawks.org/HYDE PARK HS,609713,http://www.hydeparkcps.orgINFINITY HS,610384,http://imst.lvlhs.orgINSTITUTO - HEALTH,400104,http://healthacademy.idpl.orgINSTITUTO - LOZANO HS,400148,INSTITUTO - LOZANO MASTERY HS,400164,INTER-AMERICAN,610078,http://www.iamschicago.comINTRINSIC HS,400162,http://intrinsicschools.orgIRVING,610121,http://irving.cps.eduJACKSON A,610060,http://www.andrewjackson.cps.eduJACKSON M,610369,http://www.mjacksoncps.com/JAHN,610010,http://jahnschool.comJAMIESON,610011,http://www.jamiesonschool.orgJEFFERSON HS,609783,http://jefferson.cps.eduJENNER,610012,http://jenner.cps.eduJENSEN,610271,http://www.jensen.cps.eduJOHNSON,610274,http://auslchicago.org/schools/pages/johnsonJONES HS,609678,http://www.jonescollegeprep.orgJOPLIN,609805,http://www.scottjoplinschool.orgJORDAN,609865,http://www.jordan.cps.eduJUAREZ HS,609764,http://www.benitojuarez.netJULIAN HS,609762,http://www.pljulianhs.netJUNGMAN,610015,KANOON,609920,KELLER,610084,http://www.keller.cps.k12.il.usKELLMAN,609925,http://www.kellman.cps.edu/KELLOGG,610016,http://www.kellogg.cps.eduKELLY HS,609715,http://www.kellyhs.orgKELVYN PARK HS,609716,http://www.kelvynparkhs.orgKENNEDY HS,609718,http://www.kennedyhschicago.orgKENWOOD HS,609746,http://www.kenwoodacademy.orgKERSHAW,610019,http://www.kershawmagnet.org/KILMER,610022,http://www.kilmerelementary.orgKING ES,610299,http://www.kingacademy.cps.eduKING HS,609751,http://www.newkcp.orgKINZIE,610026,https://kinzie.cps.eduKIPLING,610027,http://www.kiplingtigers.orgKIPP - ASCEND,400044,http://www.kippchicago.orgKIPP CHICAGO - ASCEND PRIMARY,400177,http://www.kippchicago.orgKIPP CHICAGO - BLOOM,400163,http://www.kippchicago.orgKIPP CHICAGO - CREATE,400146,http://www.kippchicago.orgKOZMINSKI,610030,http://www.kozacademy.orgLAKE VIEW HS,609719,http://www.lakeviewhs.comLANE TECH HS,609720,http://www.lanetech.orgLANGFORD,609869,http://www.langfordacademy.orgLARA,609993,http://lara.cps.edu/LASALLE,610033,http://www.lasallechicago.comLASALLE II,610520,http://www.lasalle2school.comLAVIZZO,610208,http://www.edline.net/pages/Lavizzo_Elementary_SchoolLAWNDALE,610034,LEARN - 7,400151,http://www.learncharter.orgLEARN - BUTLER,400046,http://www.learncharter.orgLEARN - CAMPBELL,400047,http://www.learncharter.orgLEARN - EXCEL,400048,http://www.learncharter.orgLEARN - MIDDLE,400165,http://www.learncharter.orgLEARN - PERKINS,400111,http://www.learncharter.orgLEARN - SOUTH CHICAGO,400107,http://www.learncharter.orgLEE,610291,http://www.leelions.orgLEGACY,400049,http://www.legacycharterschool.orgLEGAL PREP HS,400119,http://www.legalprep.orgLELAND,610305,http://lelandstem.weebly.com/LENART,610298,http://www.lenart.cps.eduLEWIS,610036,http://lewis.auslchicago.orgLIBBY,610037,http://www.libby.cps.eduLINCOLN,610038,http://www.lincolnelementary.orgLINCOLN PARK HS,609738,http://www.lincolnparkhs.orgLINDBLOM HS,610391,http://www.lindblomeagles.orgLITTLE BLACK PEARL HS,400137,http://blackpearl.orgLITTLE VILLAGE,609834,http://www.lva.cps.eduLLOYD,610040,http://www.lloydschool.orgLOCKE A,400011,http://www.alainlocke.orgLOCKE J,610041,http://www.lockeschool.orgLOGANDALE,610325,http://avondalelogandaleschool.org/LORCA,610541,http://www.lorca.cps.k12.il.usLOVETT,610043,http://www.lovettelementary.orgLOWELL,610044,http://www.lowell.cps.edu/LOZANO,610029,http://lozano1501.orgLYON,610046,http://www.marylyonschool.comMADERO,610215,MADISON,610047,MAGIC JOHNSON - BRAINERD HS,610581,http://magicjohnsonbridgescape.comMAGIC JOHNSON - ENGLEWOOD HS,610582,http://magicjohnsonbridgescape.comMAGIC JOHNSON - HUMBOLDT PK HS,610580,http://magicjohnsonbridgescape.comMAGIC JOHNSON - N LAWNDALE HS,610566,http://magicjohnsonbridgescape.comMAGIC JOHNSON - ROSELAND HS,610567,http://magicjohnsonbridgescape.comMANIERRE,610048,http://www.manierrefergusoncpc.org/MANLEY HS,609722,http://www.manleyhighschool.orgMANN,610052,MARINE LEADERSHIP AT AMES HS,609780,http://marine.cps.eduMARINE MILITARY HS,610502,http://marine.cps.eduMARQUETTE,610053,http://marquette.auslchicago.orgMARSH,610054,http://jlmarsh.orgMARSHALL HS,609723,http://www.marshallmetrohighschool.orgMARSHALL MIDDLE,610321,MASON,610056,http://www.masonelementary.orgMATHER HS,609724,http://www.matherhs.orgMAYER,610059,http://mayermagnet.org/MAYS,610290,http://www.maysacademy.com/MCAULIFFE,609968,http://mcauliffees.orgMCCLELLAN,610062,http://www.mcclellanelementary.orgMCCORMICK,610063,http://mccormick.cps.eduMCCUTCHEON,610269,http://www.McCutcheonElementary.orgMCDADE,610066,http://www.mcdadeclassical.org/MCDOWELL,610312,http://www.memcdowellelementaryschool.comMCKAY,610067,http://www.mckay.cps.eduMCNAIR,610282,http://mcnair.auslchicago.org/MCPHERSON,610070,http://www.McPherson.cps.k12.il.usMELODY,610293,http://www.melodystem.orgMETCALFE,609902,http://www.metcalfe.cps.eduMIRELES,610171,http://mireleselementary.orgMITCHELL,610073,http://www.mitchellschool.orgMOLLISON,610276,http://www.mollisonelementary.comMONROE,610074,http://www.jamesmonroeschool.orgMONTEFIORE,610075,MONTESSORI ENGLEWOOD,400116,http://www.tmsoe.orgMOOS,610076,http://mooselementary.org/MORGAN PARK HS,609725,http://www.morganparkcps.orgMORRILL,610077,http://www.morrill.cps.eduMORTON,610257,http://auslchicago.org/schools/pages/mortonMOUNT GREENWOOD,610082,http://www.mtgreenwood.cps.eduMOUNT VERNON,610086,http://mtvernon.cps.edu/MOVING EVEREST,400178,http://www.movingeverest.org/MOZART,610088,http://mozartelementaryschool.weebly.com/MULTICULTURAL HS,610385,http://ma.lvlhs.org/MURPHY,610089,http://www.murphy.cps.edu/MURRAY,610090,http://www.murray.cps.eduNAMASTE,400050,http://www.namastecharterschool.orgNASH,610092,NATIONAL TEACHERS,610231,http://nta.auslchicago.orgNEIL,610093,http://www.neil.cps.eduNETTELHORST,610094,http://www.nettelhorst.orgNEW FIELD,610284,http://www.newfield.cps.eduNEW SULLIVAN,610193,http://www.newsullivan.cps.eduNEWBERRY,610095,http://www.newberryacademy.orgNICHOLSON,609793,http://nicholsonstem.org/NIGHTINGALE,610096,http://www.nightingale.cps.eduNINOS HEROES,609961,NIXON,610097,NKRUMAH,400045,http://www.kwamenkrumahacademy.orgNOBEL,610098,http://www.nobel.cps.edu/NOBLE - ACADEMY HS,400170,http://thenobleacademy.noblenetwork.orgNOBLE - BAKER HS,400157,http://bakercollegeprep.noblenetwork.org/NOBLE - BULLS HS,400097,http://www.chicagobullscollegeprep.orgNOBLE - BUTLER HS,400156,http://noblepullman.noblenetwork.orgNOBLE - COMER,400052,http://garycomercollegeprep.noblenetwork.orgNOBLE - DRW HS,400118,http://drwcollegeprep.noblenetwork.org/NOBLE - GOLDER HS,400053,http://www.goldercollegeprep.orgNOBLE - HANSBERRY HS,400117,http://www.hansberrycollegeprep.orgNOBLE - ITW SPEER HS,400169,http://itwspeeracademy.noblenetwork.org/NOBLE - JOHNSON HS,400106,http://johnsoncollegeprep.noblenetwork.orgNOBLE - MUCHIN HS,400098,http://www.muchincollegeprep.orgNOBLE - NOBLE HS,400051,http://noblestreet.noblenetwork.orgNOBLE - PRITZKER HS,400054,http://www.pritzkercollegeprep.orgNOBLE - RAUNER HS,400055,http://raunercollegeprep.noblenetwork.orgNOBLE - ROWE CLARK HS,400056,http://roweclark.noblenetwork.orgNOBLE - UIC HS,400057,http://www.uiccollegeprep.orgNORTH LAWNDALE - CHRISTIANA HS,400058,http://www.nlcphs.orgNORTH LAWNDALE - COLLINS HS,400059,http://www.nlcphs.orgNORTH RIVER,610354,NORTH-GRAND HS,609691,http://www.northgrandhs.orgNORTHSIDE LEARNING HS,609744,http://www.northsidelearningcenter.org/NORTHSIDE PREP HS,609749,http://www.northsideprep.orgNORTHWEST,610051,http://www.northwestmiddleschool.orgNORWOOD PARK,610099,http://npschicago.com/OGDEN ES,610101,http://ogden.cps.eduOGDEN HS,610529,http://ogden.cps.eduOGLESBY,610102,https://oglesby.cps.eduOKEEFFE,610103,http://okeeffe.auslchicago.orgOMBUDSMAN - NORTHWEST HS,610569,http://www.ombudsmancps.comOMBUDSMAN - SOUTH HS,610570,http://www.ombudsmancps.comOMBUDSMAN - WEST HS,610571,http://www.ombudsmancps.comONAHAN,610104,http://www.onahanschool.orgORIOLE PARK,610105,http://www.orioleparkschool.comOROZCO,610329,http://www.jcorozco.comORR HS,610389,http://www.orracademy.orgORTIZ DE DOMINGUEZ,609950,http://ortizdedominguez.weebly.com/OTIS,610107,OTOOLE,610108,http://www.otoolelions.orgOWEN,610109,http://www.owen.cps.eduOWENS,609943,http://www.gompersschool.orgPALMER,610111,http://www.palmerpride.orgPARK MANOR,610115,http://parkmanorelementary.org/PARKER,610112,http://www.parker.cps.eduPARKSIDE,610116,http://www.parksideacademy.orgPASTEUR,610117,http://www.pasteurschool.orgPATHWAYS - ASHBURN HS,610557,http://www.pathwaysedu.orgPATHWAYS - AVONDALE HS,610568,http://www.pathwaysedu.orgPATHWAYS - BRIGHTON PARK HS,400173,http://www.pathwaysedu.orgPAYTON HS,609680,http://www.wpcp.orgPEACE AND EDUCATION HS,610386,http://peaceandeducationschools.orgPECK,610120,http://www.peckelementary.org/PEIRCE,610122,http://www.peirce.cps.k12.il.usPENN,610123,http://www.penn.cps.eduPEREZ,609872,http://www.perezelementaryschool.orgPERSHING,610126,http://www.pershingcps.orgPERSPECTIVES - JOSLIN HS,400064,http://www.pcsedu.orgPERSPECTIVES - LEADERSHIP HS,400061,http://www.pcsedu.orgPERSPECTIVES - MATH & SCI HS,400066,http://www.pcsedu.orgPERSPECTIVES - TECH HS,400062,http://www.pcsedu.orgPETERSON,610127,http://www.peterson.cps.edu/PHILLIPS HS,609727,http://phillips.cps.eduPHOENIX MILITARY HS,610304,http://www.phoenixmilitary.orgPICCOLO,610106,http://piccolo.auslchicago.org/PICKARD,610129,http://www.pickard.cps.eduPILSEN,610013,http://pilsen.cps.eduPIRIE,610130,http://pirie.cps.eduPLAMONDON,610131,http://www.plamondon.org/PLATO,400068,http://www.Platolearningacademy.orgPOE,610132,http://www.poeclassical.com/POLARIS,400069,http://www.pcachicago.orgPORTAGE PARK,610135,http://www.portageparkschool.org/POWELL,610281,PRESCOTT,610136,http://www.prescott.cps.k12.il.usPRIETO,610533,http://www.prieto.cps.k12.il.usPRITZKER,610229,http://www.pritzkerschool.orgPROLOGUE - EARLY COLLEGE HS,400070,http://prologueschools.orgPROLOGUE - JOHNSTON HS,400109,http://www.prologueschools.orgPROLOGUE - WINNIE MANDELA HS,610574,http://www.prologueschools.orgPROSSER HS,609679,http://www.prosseracademy.orgPROVIDENCE ENGLEWOOD,400071,http://www.providenceenglewood.orgPRUSSING,610137,http://prussingelementary.orgPULASKI,610138,http://www.pulaskischool.orgPULLMAN,610139,http://www.pullmanschool.org/RABY HS,610334,http://www.alraby.orgRANDOLPH,609941,http://randolph.cps.edu/RAVENSWOOD,610141,http://www.ravenswoodelementary.orgRAY,610142,http://ray.cps.eduREAVIS,610143,http://www.reaviselementaryschool.org/REILLY,610144,http://www.reillyschool.comREINBERG,610145,http://www.reinberg.cps.eduREVERE,610146,RICHARDS HS,609682,http://www.richardscareeracademy.orgRICKOVER MILITARY HS,610390,http://www.rickovernaval.orgROBESON HS,609707,http://www.prhs.orgROBINSON,610256,ROGERS,610147,http://www.philiprogersschool.orgROOSEVELT HS,609728,http://rhsroughriders.orgROWE,400096,http://www.roweelementaryschool.orgRUDOLPH,610308,http://www.rudolph.cps.eduRUGGLES,610152,http://ruggles.cps.eduRUIZ,610125,http://www.ruizelementaryschool.orgRYDER,610153,http://ryderschool.org/SABIN,610342,http://www.sabin.cps.eduSALAZAR,610250,http://salazar.cps.eduSANDOVAL,610226,http://www.sandovalelementary.org/SAUCEDO,610017,http://saucedo.cps.eduSAUGANASH,610155,http://sauganash.cps.edu/SAWYER,610157,http://sawyer.cps.eduSAYRE,610158,http://www.sayre.cps.eduSCAMMON,610159,http://scammonhusky.orgSCHMID,610178,http://www.schmidchargers.orgSCHUBERT,610165,http://www.schubertes.orgSCHURZ HS,609729,http://www.schurzhs.orgSENN HS,609730,http://www.sennhs.orgSEWARD,610167,http://www.seward.cps.eduSHABAZZ - DUSABLE HS,400073,http://www.bsics.orgSHABAZZ - SHABAZZ,400072,http://www.bsics.orgSHABAZZ - SIZEMORE,400074,http://www.bsics.orgSHERIDAN,610081,http://marksheridanacademy.org/SHERMAN,610172,http://sherman.auslchicago.orgSHERWOOD,610173,http://www.sherwood.cps.eduSHIELDS,610174,http://www.shields.cps.eduSHIELDS MIDDLE,610559,http://www.shieldsmiddleschool.orgSHOESMITH,610175,http://shoesmith.cps.eduSHOOP,610176,http://shoop.cps.edu/SIMEON HS,609692,http://www.simeonca.orgSIMPSON HS,609750,http://www.simpsonacademy.org/SKINNER,610177,http://www.skinnerwest.cps.eduSKINNER NORTH,610534,http://www.skinnernorth.org/SMITH,609978,http://wendellsmithcps.enschool.org/SMYSER,610179,http://www.smyser.orgSMYTH,610180,http://smythibworld.org/SOCIAL JUSTICE HS,610383,http://sj.lvlhs.orgSOLOMON,610182,http://solomon.cps.eduSOLORIO HS,610543,http://solorioacademy.org/SOUTH LOOP,609990,http://www.southloopschool.netSOUTH SHORE ES,610530,http://www.southshorefinearts.orgSOUTH SHORE INTL HS,610547,http://www.southshoreinternational.orgSOUTHEAST,610586,SOUTHSIDE HS,609745,http://www.southsideacademycps.org/SPENCER,610183,http://www.spencertech.orgSPRY ES,610184,http://www.spryschool.org/SPRY HS,610357,http://www.comlinkshs.orgSTAGG,610339,http://auslchicago.org/schools/pages/staggSTEINMETZ HS,609732,http://www.steinmetzcp.orgSTEM,610548,http://www.STEMMagnetAcademy.comSTEVENSON,610185,http://stevenson.cps.edu/STOCK,610163,http://www.stock.cps.eduSTONE,610191,http://stoneacademy.net/STOWE,610192,http://www.stowe.cps.edu/SUDER,610405,http://www.sudermontessorischool.orgSULLIVAN HS,609733,http://www.sullivanhs.orgSUMNER,610194,SUTHERLAND,610195,http://www.ehsutherland.orgSWIFT,610196,http://swift.cps.k12.il.usTAFT HS,609734,http://www.tafths.orgTALCOTT,610197,http://www.talcottfama.org/TALMAN,610249,http://www.talman.cps.k12.il.usTANNER,610279,http://www.tannerschool.orgTARKINGTON,610396,http://www.tarkington.cps.eduTAYLOR,610198,http://taylor.cps.edu/TEAM HS,610506,http://www.teamenglewood.orgTELPOCHCALLI,609921,http://www.telpochcalli.cps.eduTHOMAS,610504,http://thomas.cps.edu/THORP J,610200,http://www.jnthorp.orgTHORP O,610201,http://oathorpacademy.org/TILDEN HS,609735,http://tilden.cps.edu/TILL,610065,http://emmetttillacademy.com/TILTON,610202,TONTI,610203,http://www.tonti.cps.k12.il.usTURNER-DREW,609895,http://www.turner-drew.cps.eduTWAIN,610206,http://www.twain.cps.eduU OF C - DONOGHUE,400075,http://www.uchicagocharter.org/page.cfm?p=525U OF C - NKO,400076,http://www.uchicagocharter.org/page.cfm?p=525U OF C - WOODLAWN HS,400077,http://www.uchicagocharter.org/page.cfm?p=525U OF C - WOODSON,400078,http://www.uchicagocharter.org/page.cfm?p=525UNO - BRIGHTON PARK,400153,http://www.unocharterschools.orgUNO - CISNEROS,400101,http://www.unocharterschools.orgUNO - CLEMENTE,400120,http://www.unocharterschools.orgUNO - DE LAS CASAS,400081,http://www.unocharterschools.orgUNO - FUENTES,400082,http://www.unocharterschools.orgUNO - GARCIA HS,400085,http://www.unocharterschools.orgUNO - MARQUEZ,400089,http://www.unocharterschools.orgUNO - PAZ,400083,http://www.unocharterschools.orgUNO - ROGERS PARK,400121,http://www.unocharterschools.orgUNO - SANTIAGO,400114,http://www.unocharterschools.orgUNO - SOCCER ELEM,400112,http://www.unocharterschools.orgUNO - SOCCER HS,400149,http://www.unocharterschools.orgUNO - TAMAYO,400084,http://www.unocharterschools.orgUNO - TORRES,400080,http://www.unocharterschools.orgUNO - ZIZUMBO,400079,http://www.unocharterschools.orgUPLIFT HS,610394,http://www.uplifths.orgURBAN PREP - BRONZEVILLE HS,400105,http://www.urbanprep.orgURBAN PREP - ENGLEWOOD HS,400086,http://www.urbanprep.orgURBAN PREP - WEST HS,400102,http://www.urbanprep.orgVANDERPOEL,610207,http://www.vanderpoelelementary.org/VAUGHN HS,609766,http://www.vaughnhs.orgVICK,609871,http://www.barbaravick.cps.eduVOISE HS,610518,VOLTA,610209,http://www.volta.cps.eduVON LINNE,610039,http://www.linneschool.org/VON STEUBEN HS,609737,http://www.vonsteuben.orgWACKER,610366,http://charleshwacker.weebly.com/WADSWORTH,610213,http://www.wadsworthstem.comWALSH,610216,http://www.walshcps.orgWARD J,610217,http://www.jameswardschool.com/WARD L,610133,http://www.lsward.cps.eduWARREN,610218,WASHINGTON G ES,610219,http://gwashington.cps.edu/WASHINGTON H ES,610124,http://www.hwespacers.orgWASHINGTON HS,609739,http://www.gwashingtonhs.orgWATERS,610220,http://www.waterselementary.orgWEBSTER,610221,WELLS ES,610110,http://wellsprepelementary.comWELLS HS,609740,http://wellshs.cps.eduWENTWORTH,610223,http://www.wentworthelementary.org/WEST PARK,610100,http://www.westparkcps.org/WEST RIDGE,610542,http://www.westridgeelementary.orgWESTCOTT,610300,http://westcott.cps.eduWESTINGHOUSE HS,609693,http://www.newwestinghouse.orgWHISTLER,610225,http://whistler.cps.eduWHITE,610315,http://www.whitecareeracademy.orgWHITNEY,610227,http://www.eliwhitneyschool.usWHITTIER,610228,http://whittierschool.orgWILDWOOD,610230,http://www.wildwoodworldmagnet.orgWILLIAMS HS,610380,http://www.dhwprepmed.orgWOODLAWN,609977,http://www.woodlawn.cps.eduWOODSON,610345,http://www.cartergwoodsonschool.comWORLD LANGUAGE HS,610392,http://wl.lvlhs.orgYATES,610234,http://www.yateselementary.orgYCCS - ADDAMS,400134,YCCS - ASPIRA PANTOJA,400125,YCCS - ASSOCIATION HOUSE,400126,YCCS - AUSTIN CAREER,400127,YCCS - CAMPOS,400131,YCCS - CCA ACADEMY,400128,YCCS - CHATHAM,400150,YCCS - HOUSTON,400129,YCCS - INNOVATIONS,400133,YCCS - LATINO YOUTH,400135,YCCS - MCKINLEY,400124,YCCS - OLIVE HARVEY,400136,YCCS - SCHOLASTIC ACHIEVEMENT,400123,YCCS - SULLIVAN,400139,YCCS - TRUMAN,400141,YCCS - WEST TOWN,400143,YCCS - WESTSIDE HOLISTIC,400144,YCCS - YOUTH CONNECTION,400145,YCCS - YOUTH DEVELOPMENT,400130,YORK HS,609748,http://york.cps.eduYOUNG ES,610235,http://ellaflaggyoung.weebly.com/YOUNG HS,609755,http://www.wyoung.orgYOUNG WOMENS HS,400087,http://www.ywlcs.orgZAPATA,609973,